-- phpMyAdmin SQL Dump
-- version 3.4.10.1
-- http://www.phpmyadmin.net
--
-- ä¸»æœº: localhost
-- ç”Ÿæˆæ—¥æœŸ: 2017 å¹?04 æœ?26 æ—?17:07
-- æœåŠ¡å™¨ç‰ˆæœ¬: 5.5.47
-- PHP ç‰ˆæœ¬: 5.5.30

SET SQL_MODE="NO_AUTO_VALUE_ON_ZERO";
SET time_zone = "+00:00";


/*!40101 SET @OLD_CHARACTER_SET_CLIENT=@@CHARACTER_SET_CLIENT */;
/*!40101 SET @OLD_CHARACTER_SET_RESULTS=@@CHARACTER_SET_RESULTS */;
/*!40101 SET @OLD_COLLATION_CONNECTION=@@COLLATION_CONNECTION */;
/*!40101 SET NAMES utf8 */;

--
-- æ•°æ®åº“: `xk`
--

-- --------------------------------------------------------

--
-- è¡¨çš„ç»“æ„ `xk_class`
--

CREATE TABLE IF NOT EXISTS `xk_class` (
  `id` int(10) unsigned NOT NULL AUTO_INCREMENT COMMENT 'ç­çº§id',
  `classname` char(20) NOT NULL COMMENT 'ä¸“ä¸šåç§°',
  `depart_id` int(10) unsigned NOT NULL COMMENT 'é™¢ç³»idå¤–é”®',
  `visitnum` int(11) NOT NULL COMMENT 'æŸ¥çœ‹é‡',
  PRIMARY KEY (`id`),
  KEY `depart_id` (`depart_id`)
) ENGINE=MyISAM  DEFAULT CHARSET=utf8 ROW_FORMAT=DYNAMIC AUTO_INCREMENT=3 ;

--
-- è½¬å­˜è¡¨ä¸­çš„æ•°æ® `xk_class`
--

INSERT INTO `xk_class` (`id`, `classname`, `depart_id`, `visitnum`) VALUES
(1, 'ç½‘ç»œå·¥ç¨‹', 1, 20),
(2, 'ç”µå­å·¥ç¨‹', 1, 0);

-- --------------------------------------------------------

--
-- è¡¨çš„ç»“æ„ `xk_course`
--

CREATE TABLE IF NOT EXISTS `xk_course` (
  `id` int(10) unsigned NOT NULL AUTO_INCREMENT,
  `coursename` varchar(30) NOT NULL COMMENT 'è¯¾ç¨‹åç§°',
  `desc` varchar(50) NOT NULL COMMENT 'è¯¾ç¨‹æè¿°',
  `teacher_id` int(10) unsigned NOT NULL COMMENT 'æ•™å¸ˆid',
  `limitnum` tinyint(4) NOT NULL COMMENT 'é™åˆ¶æ•°é‡',
  `choosenum` tinyint(4) NOT NULL COMMENT 'å·²ç»é€‰æ‹©çš„äººæ•°',
  `status` tinyint(255) NOT NULL DEFAULT '1' COMMENT 'è¯¾ç¨‹çŠ¶æ€1ä»£è¡¨å¯é€‰ï¼Œ0ä»£è¡¨ä¸å¯ä»¥é€‰',
  `creattime` timestamp NOT NULL DEFAULT CURRENT_TIMESTAMP ON UPDATE CURRENT_TIMESTAMP COMMENT 'è¯¾ç¨‹çš„æ—¶é—´',
  PRIMARY KEY (`id`),
  KEY `teacher` (`teacher_id`)
) ENGINE=MyISAM  DEFAULT CHARSET=utf8 ROW_FORMAT=DYNAMIC AUTO_INCREMENT=15 ;

--
-- è½¬å­˜è¡¨ä¸­çš„æ•°æ® `xk_course`
--

INSERT INTO `xk_course` (`id`, `coursename`, `desc`, `teacher_id`, `limitnum`, `choosenum`, `status`, `creattime`) VALUES
(14, 'æ“ä½œç³»ç»Ÿ', 'è¿™æ˜¯ä¸€é—¨æ“ä½œç³»ç»Ÿçš„è¯¾ç¨‹', 3, 2, 1, 0, '2017-04-26 03:08:03');

-- --------------------------------------------------------

--
-- è¡¨çš„ç»“æ„ `xk_depart`
--

CREATE TABLE IF NOT EXISTS `xk_depart` (
  `id` int(10) unsigned NOT NULL AUTO_INCREMENT,
  `desc` varchar(255) NOT NULL,
  `departname` char(20) NOT NULL COMMENT 'é™¢ç³»åç§°',
  `visitnum` int(11) NOT NULL COMMENT 'è®¿é—®é‡ç»Ÿè®¡',
  `clicknum` int(11) NOT NULL,
  `pic` char(40) NOT NULL,
  PRIMARY KEY (`id`)
) ENGINE=MyISAM  DEFAULT CHARSET=utf8 AUTO_INCREMENT=3 ;

--
-- è½¬å­˜è¡¨ä¸­çš„æ•°æ® `xk_depart`
--

INSERT INTO `xk_depart` (`id`, `desc`, `departname`, `visitnum`, `clicknum`, `pic`) VALUES
(1, 'ä¿¡æ¯å·¥ç¨‹å¾ˆä¸é”™', 'ä¿¡æ¯å·¥ç¨‹', 30, 30, '');

-- --------------------------------------------------------

--
-- è¡¨çš„ç»“æ„ `xk_order`
--

CREATE TABLE IF NOT EXISTS `xk_order` (
  `id` int(11) NOT NULL AUTO_INCREMENT,
  `student_id` int(10) unsigned NOT NULL COMMENT 'å­¦ç”Ÿid',
  `isreceive` tinyint(4) NOT NULL COMMENT 'æ˜¯å¦æ•™å¸ˆå›å¤',
  `creattime` timestamp NOT NULL DEFAULT CURRENT_TIMESTAMP ON UPDATE CURRENT_TIMESTAMP COMMENT 'ç”Ÿæˆæ—¶é—´',
  `depart_id` int(10) unsigned NOT NULL,
  `is_success` tinyint(4) NOT NULL DEFAULT '0',
  `course_id` int(10) unsigned NOT NULL,
  `class_id` int(11) NOT NULL,
  PRIMARY KEY (`id`),
  KEY `student` (`student_id`),
  KEY `sdfsd` (`depart_id`),
  KEY `xk` (`course_id`)
) ENGINE=MyISAM  DEFAULT CHARSET=utf8 ROW_FORMAT=DYNAMIC AUTO_INCREMENT=19 ;

--
-- è½¬å­˜è¡¨ä¸­çš„æ•°æ® `xk_order`
--

INSERT INTO `xk_order` (`id`, `student_id`, `isreceive`, `creattime`, `depart_id`, `is_success`, `course_id`, `class_id`) VALUES
(17, 1, 0, '2017-04-26 05:10:50', 1, 0, 14, 0),
(18, 0, 0, '2017-04-26 03:45:43', 0, 0, 0, 0);

-- --------------------------------------------------------

--
-- è¡¨çš„ç»“æ„ `xk_student`
--

CREATE TABLE IF NOT EXISTS `xk_student` (
  `id` int(10) unsigned NOT NULL AUTO_INCREMENT,
  `username` varchar(20) NOT NULL COMMENT 'ç”¨æˆ·å',
  `pwd` varchar(40) NOT NULL COMMENT 'å¯†ç ',
  `photo` varchar(40) NOT NULL,
  `class_id` int(10) unsigned NOT NULL DEFAULT '0' COMMENT 'ä¸“ä¸šid',
  `depart_id` int(10) unsigned NOT NULL DEFAULT '0' COMMENT 'é™¢ç³»id',
  `studentid` char(15) NOT NULL COMMENT 'å­¦å·',
  `ceatetime` timestamp NOT NULL DEFAULT CURRENT_TIMESTAMP ON UPDATE CURRENT_TIMESTAMP COMMENT 'æ³¨å†Œæ—¶é—´',
  `isonline` tinyint(4) NOT NULL COMMENT 'ç»Ÿè®¡æ˜¯å¦åœ¨çº¿',
  `iscomplete` tinyint(4) NOT NULL DEFAULT '0' COMMENT 'æ˜¯å¦å·²ç»å®Œæˆé€‰è¯¾',
  `realname` char(5) NOT NULL COMMENT 'çœŸå®å§“å',
  PRIMARY KEY (`id`),
  KEY `class` (`class_id`),
  KEY `depart` (`depart_id`),
  KEY `student` (`studentid`)
) ENGINE=MyISAM  DEFAULT CHARSET=utf8 ROW_FORMAT=DYNAMIC AUTO_INCREMENT=48 ;

--
-- è½¬å­˜è¡¨ä¸­çš„æ•°æ® `xk_student`
--

INSERT INTO `xk_student` (`id`, `username`, `pwd`, `photo`, `class_id`, `depart_id`, `studentid`, `ceatetime`, `isonline`, `iscomplete`, `realname`) VALUES
(10, '12345612', '123456', '', 0, 0, '0', '2017-04-16 07:04:50', 0, 0, ''),
(11, '123456123', '123456', '', 0, 0, '0', '2017-04-16 07:06:19', 0, 0, ''),
(12, 'zhangyang', '123456', '', 0, 0, '0', '2017-04-16 07:13:33', 0, 0, ''),
(13, '123456', 'e10adc3949ba59abbe56e057f20f883e', '', 1, 1, '201316601', '2017-04-18 08:18:57', 0, 0, 'è®²å'),
(14, 'migntian', 'wangwen', '', 0, 0, '0', '2017-04-16 08:39:44', 0, 0, ''),
(15, 'migntians', 'wangwen', '', 0, 0, '0', '2017-04-16 08:43:03', 0, 0, ''),
(16, 'migntianss', 'wangwen', '', 0, 0, '0', '2017-04-16 08:43:47', 0, 0, ''),
(17, 'migntiansss', 'wangwen', '', 0, 0, '0', '2017-04-16 08:47:21', 0, 0, ''),
(18, '123456', '123456', '', 1, 1, '201316601', '2017-04-18 06:58:29', 0, 0, 'ç‹æ–‡è™'),
(19, '123456', '123456', '', 1, 1, '201316601', '2017-04-18 06:58:29', 0, 0, 'ç‹æ–‡è™'),
(20, '123456', 'e10adc3949ba59abbe56e057f20f883e', '', 1, 1, '201316601', '2017-04-18 06:58:29', 0, 0, 'ç‹æ–‡è™'),
(21, '123456', 'a6e612825ab0ec9b523f24182ea8f0d2', '', 1, 1, '201316601', '2017-04-18 06:58:29', 0, 0, 'ç‹æ–‡è™'),
(22, '123456', 'a6e612825ab0ec9b523f24182ea8f0d2', '', 1, 1, '201316601', '2017-04-18 06:58:29', 0, 0, 'ç‹æ–‡è™'),
(23, 'mingming', '55b311d5fac8fbd2667c6995c289f5ff', '', 0, 0, '0', '2017-04-17 01:33:59', 0, 0, ''),
(24, 'mingmings', 'e10adc3949ba59abbe56e057f20f883e', '', 0, 0, '0', '2017-04-17 01:35:17', 0, 0, ''),
(25, '12345612s', 'e10adc3949ba59abbe56e057f20f883e', '', 0, 0, '0', '2017-04-17 01:37:37', 0, 0, ''),
(26, 'jingtian', 'e10adc3949ba59abbe56e057f20f883e', '', 0, 0, '0', '2017-04-17 01:38:17', 0, 0, ''),
(27, 'mignasfsd', 'e10adc3949ba59abbe56e057f20f883e', '', 0, 0, '0', '2017-04-17 01:39:06', 0, 0, ''),
(28, 'sdfsdf', 'e10adc3949ba59abbe56e057f20f883e', '', 0, 0, '0', '2017-04-17 01:41:43', 0, 0, ''),
(29, 'migntiansssss', 'e10adc3949ba59abbe56e057f20f883e', '', 0, 0, '0', '2017-04-17 01:43:10', 0, 0, ''),
(30, 'migntianssssssdfsdf', 'e10adc3949ba59abbe56e057f20f883e', '', 0, 0, '0', '2017-04-17 01:47:37', 0, 0, ''),
(31, 'migntiansfd', 'e10adc3949ba59abbe56e057f20f883e', '', 0, 0, '0', '2017-04-17 01:48:46', 0, 0, ''),
(32, 'migntiansfdd', 'e10adc3949ba59abbe56e057f20f883e', '', 0, 0, '0', '2017-04-17 01:49:26', 0, 0, ''),
(33, 'migntiansfddsa', 'e10adc3949ba59abbe56e057f20f883e', '', 0, 0, '0', '2017-04-17 02:02:46', 0, 0, ''),
(34, 'migntiansfddsasd', 'e10adc3949ba59abbe56e057f20f883e', '', 0, 0, '0', '2017-04-17 02:04:43', 0, 0, ''),
(35, 'migntians1ddsasd', 'e10adc3949ba59abbe56e057f20f883e', '', 0, 0, '0', '2017-04-17 02:05:32', 0, 0, ''),
(36, '12345dd', 'e10adc3949ba59abbe56e057f20f883e', '', 0, 0, '0', '2017-04-17 02:07:25', 0, 0, ''),
(37, '12345dds', 'e10adc3949ba59abbe56e057f20f883e', '', 0, 0, '0', '2017-04-17 02:08:06', 0, 0, ''),
(38, 'sdfsdsf', 'e10adc3949ba59abbe56e057f20f883e', '', 0, 0, '0', '2017-04-17 02:09:01', 0, 0, ''),
(39, 'sdfsdsfs', 'e10adc3949ba59abbe56e057f20f883e', '', 0, 0, '0', '2017-04-17 02:11:58', 0, 0, ''),
(40, 'fsdfsd', 'e10adc3949ba59abbe56e057f20f883e', '', 0, 0, '0', '2017-04-17 03:55:19', 0, 0, ''),
(41, '123456', 'e10adc3949ba59abbe56e057f20f883e', '', 1, 1, '201316601', '2017-04-18 06:58:29', 0, 0, 'ç‹æ–‡è™'),
(42, '123456', 'adbf25f7a1bf2ac2a176bededad2d88f', '', 1, 1, '201316601', '2017-04-18 06:58:29', 0, 0, 'ç‹æ–‡è™'),
(43, 'migntainsd', 'e10adc3949ba59abbe56e057f20f883e', '', 0, 0, '0', '2017-04-17 05:19:28', 0, 0, ''),
(44, '20dsfdsfdsafad', 'e10adc3949ba59abbe56e057f20f883e', '', 0, 0, '0', '2017-04-17 08:25:43', 0, 0, ''),
(45, 'wangwen', 'e10adc3949ba59abbe56e057f20f883e', '', 1, 1, '201316603', '2017-04-26 01:12:43', 0, 0, 'ç‹æ–‡å¸…'),
(46, '12345678', '25d55ad283aa400af464c76d713c07ad', '', 2, 1, '201316619', '2017-04-18 08:58:47', 0, 0, 'ç‹é—®å'),
(47, 'wangwenw', '4c364fc7ba9e458b681ebc46d18d6db5', '', 0, 0, '0', '2017-04-18 08:59:40', 0, 0, '');

-- --------------------------------------------------------

--
-- è¡¨çš„ç»“æ„ `xk_teacher`
--

CREATE TABLE IF NOT EXISTS `xk_teacher` (
  `id` int(10) unsigned NOT NULL AUTO_INCREMENT,
  `username` varchar(20) NOT NULL COMMENT 'ç”¨æˆ·å',
  `pwd` varchar(40) NOT NULL COMMENT 'å¯†ç ',
  `photo` char(30) NOT NULL COMMENT 'å¤´åƒ',
  `class_id` int(10) unsigned NOT NULL COMMENT 'ä¸“ä¸šid',
  `depart_id` int(10) unsigned NOT NULL COMMENT 'é™¢ç³»id',
  `realname` char(5) NOT NULL COMMENT 'çœŸå®å§“å',
  `createtime` timestamp NOT NULL DEFAULT CURRENT_TIMESTAMP ON UPDATE CURRENT_TIMESTAMP COMMENT 'æ³¨å†Œæ—¶é—´',
  `desc` varchar(60) NOT NULL,
  PRIMARY KEY (`id`),
  KEY `class` (`class_id`),
  KEY `depart` (`depart_id`)
) ENGINE=MyISAM  DEFAULT CHARSET=utf8 AUTO_INCREMENT=8 ;

--
-- è½¬å­˜è¡¨ä¸­çš„æ•°æ® `xk_teacher`
--

INSERT INTO `xk_teacher` (`id`, `username`, `pwd`, `photo`, `class_id`, `depart_id`, `realname`, `createtime`, `desc`) VALUES
(3, 'fsdfsd', '123456', '', 1, 0, 'éƒ‘è€å¸ˆ', '2017-04-26 02:47:01', 'å‘ç”Ÿå¤§å¹…åº¦è¨èŠ¬çš„è¨èŠ¬æ°´ç”µè´¹'),
(4, '12345612s', '123456', '', 1, 0, 'å®‰è€å¸ˆ', '2017-04-26 02:47:22', 'å—åˆ°è¾å°„å¤§æ³•å¸ˆçš„'),
(5, '123456s', '123456', '', 0, 0, '', '2017-04-17 05:13:16', ''),
(6, '123456', '123456', '', 0, 0, '', '2017-04-17 05:48:46', ''),
(7, '111111', '96e79218965eb72c92a549dd5a330112', '', 0, 0, '', '2017-04-17 06:00:35', '');

-- --------------------------------------------------------

--
-- è¡¨çš„ç»“æ„ `xk_user`
--

CREATE TABLE IF NOT EXISTS `xk_user` (
  `id` int(11) unsigned NOT NULL AUTO_INCREMENT,
  `username` varchar(40) DEFAULT NULL COMMENT 'ç”¨æˆ·å',
  `pwd` varchar(40) DEFAULT NULL COMMENT 'ç™»å½•å¯†ç ',
  `role_id` tinyint(4) DEFAULT NULL COMMENT 'è§’è‰²id',
  PRIMARY KEY (`id`)
) ENGINE=MyISAM DEFAULT CHARSET=utf8 ROW_FORMAT=DYNAMIC AUTO_INCREMENT=1 ;

/*!40101 SET CHARACTER_SET_CLIENT=@OLD_CHARACTER_SET_CLIENT */;
/*!40101 SET CHARACTER_SET_RESULTS=@OLD_CHARACTER_SET_RESULTS */;
/*!40101 SET COLLATION_CONNECTION=@OLD_COLLATION_CONNECTION */;
